Skibidi,Gyatt,Rizz,Goon,Edge,Beta,Sigma,Alpha,Ratio,L,Sus,Among Us,Ohio,Fanum Tax,Mewing,Maxxing,Griddy,Grimace Shake
Bussin',Cook,Baddie,Drake,Nonchalant Dread Head,Aura,Chris Tyson,Diddy,Ninja,Livvy Dunne,Baby Gronk,Goon Cave,Mew,Skibidi Toilet,Womp Womp,Bruv,GYAT,Rizzler
Edge,Gooning,Looksmaxxing,Fanum Taxing,GYAT,Rizzing,Sigma Male,Beta Male,Alpha Male,Ratioed,L Rizz,Sus Imposter,Among Us Meme,Ohio Meme,Fanum Tax Meme,Mewing Trend,Maxxing Trend,Griddy Dance
Grimace Shake Meme,Bussin' Meme,Cook Meme,Baddie Meme,Drake Meme,Nonchalant Dread Head Meme,Aura Meme,Chris Tyson Meme,Diddy Meme,Ninja Meme,Livvy Dunne Meme,Baby Gronk Meme,Goon Cave Meme,Mew Meme,Skibidi Toilet Meme,Womp Womp Meme,Bruv Meme,GYAT Meme
Rizzler Meme,Edge Meme,Gooning Meme,Looksmaxxing Meme,Fanum Taxing Meme,GYAT Meme,Rizzing Meme,Sigma Male Meme,Beta Male Meme,Alpha Male Meme,Ratioed Meme,L Rizz Meme,Sus Imposter Meme,Among Us Meme,Ohio Meme,Fanum Tax Meme,Mewing Trend,Maxxing Trend
Skibidi,Gyatt,Rizz,Goon,Edge,Beta,Sigma,Alpha,Ratio,L,Sus,Among Us,Ohio,Fanum Tax,Mewing,Maxxing,Griddy,Grimace Shake
Bussin',Cook,Baddie,Drake,Nonchalant Dread Head,Aura,Chris Tyson,Diddy,Ninja,Livvy Dunne,Baby Gronk,Goon Cave,Mew,Skibidi Toilet,Womp Womp,Bruv,GYAT,Rizzler
Edge,Gooning,Looksmaxxing,Fanum Taxing,GYAT,Rizzing,Sigma Male,Beta Male,Alpha Male,Ratioed,L Rizz,Sus Imposter,Among Us Meme,Ohio Meme,Fanum Tax Meme,Mewing Trend,Maxxing Trend,Griddy Dance
Grimace Shake Meme,Bussin' Meme,Cook Meme,Baddie Meme,Drake Meme,Nonchalant Dread Head Meme,Aura Meme,Chris Tyson Meme,Diddy Meme,Ninja Meme,Livvy Dunne Meme,Baby Gronk Meme,Goon Cave Meme,Mew Meme,Skibidi Toilet Meme,Womp Womp Meme,Bruv Meme,GYAT Meme
Rizzler Meme,Edge Meme,Gooning Meme,Looksmaxxing Meme,Fanum Taxing Meme,GYAT Meme,Rizzing Meme,Sigma Male Meme,Beta Male Meme,Alpha Male Meme,Ratioed Meme,L Rizz Meme,Sus Imposter Meme,Among Us Meme,Ohio Meme,Fanum Tax Meme,Mewing Trend,Maxxing Trend
Skibidi,Gyatt,Rizz,Goon,Edge,Beta,Sigma,Alpha,Ratio,L,Sus,Among Us,Ohio,Fanum Tax,Mewing,Maxxing,Griddy,Grimace Shake
Bussin',Cook,Baddie,Drake,Nonchalant Dread Head,Aura,Chris Tyson,Diddy,Ninja,Livvy Dunne,Baby Gronk,Goon Cave,Mew,Skibidi Toilet,Womp Womp,Bruv,GYAT,Rizzler
Edge,Gooning,Looksmaxxing,Fanum Taxing,GYAT,Rizzing,Sigma Male,Beta Male,Alpha Male,Ratioed,L Rizz,Sus Imposter,Among Us Meme,Ohio Meme,Fanum Tax Meme,Mewing Trend,Maxxing Trend,Griddy Dance
Grimace Shake Meme,Bussin' Meme,Cook Meme,Baddie Meme,Drake Meme,Nonchalant Dread Head Meme,Aura Meme,Chris Tyson Meme,Diddy Meme,Ninja Meme,Livvy Dunne Meme,Baby Gronk Meme,Goon Cave Meme,Mew Meme,Skibidi Toilet Meme,Womp Womp Meme,Bruv Meme,GYAT Meme
Rizzler Meme,Edge Meme,Gooning Meme,Looksmaxxing Meme,Fanum Taxing Meme,GYAT Meme,Rizzing Meme,Sigma Male Meme,Beta Male Meme,Alpha Male Meme,Ratioed Meme,L Rizz Meme,Sus Imposter Meme,Among Us Meme,Ohio Meme,Fanum Tax Meme,Mewing Trend,Maxxing Trend
Skibidi,Gyatt,Rizz,Goon,Edge,Beta,Sigma,Alpha,Ratio,L,Sus,Among Us,Ohio,Fanum Tax,Mewing,Maxxing,Griddy,Grimace Shake
Bussin',Cook,Baddie,Drake,Nonchalant Dread Head,Aura,Chris Tyson,Diddy,Ninja,Livvy Dunne,Baby Gronk,Goon Cave,Mew,Skibidi Toilet,Womp Womp,Bruv,GYAT,Rizzler
Edge,Gooning,Looksmaxxing,Fanum Taxing,GYAT,Rizzing,Sigma Male,Beta Male,Alpha Male,Ratioed,L Rizz,Sus Imposter,Among Us Meme,Ohio Meme,Fanum Tax Meme,Mewing Trend,Maxxing Trend,Griddy Dance
Grimace Shake Meme,Bussin' Meme,Cook Meme,Baddie Meme,Drake Meme,Nonchalant Dread Head Meme,Aura Meme,Chris Tyson Meme,Diddy Meme,Ninja Meme,Livvy Dunne Meme,Baby Gronk Meme,Goon Cave Meme,Mew Meme,Skibidi Toilet Meme,Womp Womp Meme,Bruv Meme,GYAT Meme
Rizzler Meme,Edge Meme,Gooning Meme,Looksmaxxing Meme,Fanum Taxing Meme,GYAT Meme,Rizzing Meme,Sigma Male Meme,Beta Male Meme,Alpha Male Meme,Ratioed Meme,L Rizz Meme,Sus Imposter Meme,Among Us Meme,Ohio Meme,Fanum Tax Meme,Mewing Trend,Maxxing Trend
Skibidi,Gyatt,Rizz,Goon,Edge,Beta,Sigma,Alpha,Ratio,L,Sus,Among Us,Ohio,Fanum Tax,Mewing,Maxxing,Griddy,Grimace Shake
Bussin',Cook,Baddie,Drake,Nonchalant Dread Head,Aura,Chris Tyson,Diddy,Ninja,Livvy Dunne,Baby Gronk,Goon Cave,Mew,Skibidi Toilet,Womp Womp,Bruv,GYAT,Rizzler
Edge,Gooning,Looksmaxxing,Fanum Taxing,GYAT,Rizzing,Sigma Male,Beta Male,Alpha Male,Ratioed,L Rizz,Sus Imposter,Among Us Meme,Ohio Meme,Fanum Tax Meme,Mewing Trend,Maxxing Trend,Griddy Dance
Grimace Shake Meme,Bussin' Meme,Cook Meme,Baddie Meme,Drake Meme,Nonchalant Dread Head Meme,Aura Meme,Chris Tyson Meme,Diddy Meme,Ninja Meme,Livvy Dunne Meme,Baby Gronk Meme,Goon Cave Meme,Mew Meme,Skibidi Toilet Meme,Womp Womp Meme,Bruv Meme,GYAT Meme
Rizzler Meme,Edge Meme,Gooning Meme,Looksmaxxing Meme,Fanum Taxing Meme,GYAT Meme,Rizzing Meme,Sigma Male Meme,Beta Male Meme,Alpha Male Meme,Ratioed Meme,L Rizz Meme,Sus Imposter Meme,Among Us Meme,Ohio Meme,Fanum Tax Meme,Mewing Trend,Maxxing Trend